{
  "0": {
    "precision": 0.9655172413793104,
    "recall": 0.9516994633273703,
    "f1-score": 0.9585585585585585,
    "support": 559.0
  },
  "1": {
    "precision": 0.9593373493975904,
    "recall": 0.9710365853658537,
    "f1-score": 0.9651515151515152,
    "support": 656.0
  },
  "accuracy": 0.9621399176954732,
  "macro avg": {
    "precision": 0.9624272953884504,
    "recall": 0.9613680243466121,
    "f1-score": 0.9618550368550369,
    "support": 1215.0
  },
  "weighted avg": {
    "precision": 0.9621806083422665,
    "recall": 0.9621399176954732,
    "f1-score": 0.9621182124885829,
    "support": 1215.0
  }
}