{
  "0": {
    "precision": 0.9472727272727273,
    "recall": 0.9320214669051878,
    "f1-score": 0.939585211902615,
    "support": 559.0
  },
  "1": {
    "precision": 0.9428571428571428,
    "recall": 0.9557926829268293,
    "f1-score": 0.9492808478425435,
    "support": 656.0
  },
  "accuracy": 0.9448559670781893,
  "macro avg": {
    "precision": 0.945064935064935,
    "recall": 0.9439070749160086,
    "f1-score": 0.9444330298725793,
    "support": 1215.0
  },
  "weighted avg": {
    "precision": 0.9448886751108974,
    "recall": 0.9448559670781893,
    "f1-score": 0.9448200573154487,
    "support": 1215.0
  }
}