{
  "0": {
    "precision": 0.8262411347517731,
    "recall": 0.9031007751937985,
    "f1-score": 0.8629629629629629,
    "support": 1032.0
  },
  "1": {
    "precision": 0.6376811594202898,
    "recall": 0.4731182795698925,
    "f1-score": 0.5432098765432098,
    "support": 372.0
  },
  "accuracy": 0.7891737891737892,
  "macro avg": {
    "precision": 0.7319611470860314,
    "recall": 0.6881095273818455,
    "f1-score": 0.7030864197530864,
    "support": 1404.0
  },
  "weighted avg": {
    "precision": 0.7762807994075338,
    "recall": 0.7891737891737892,
    "f1-score": 0.7782420597235412,
    "support": 1404.0
  }
}