{
  "0": {
    "precision": 0.9232111692844677,
    "recall": 0.9463327370304114,
    "f1-score": 0.9346289752650176,
    "support": 559.0
  },
  "1": {
    "precision": 0.9532710280373832,
    "recall": 0.9329268292682927,
    "f1-score": 0.9429892141756548,
    "support": 656.0
  },
  "accuracy": 0.9390946502057613,
  "macro avg": {
    "precision": 0.9382410986609254,
    "recall": 0.9396297831493521,
    "f1-score": 0.9388090947203362,
    "support": 1215.0
  },
  "weighted avg": {
    "precision": 0.9394410189485931,
    "recall": 0.9390946502057613,
    "f1-score": 0.9391428161912546,
    "support": 1215.0
  }
}