{
  "0": {
    "precision": 0.9060240963855422,
    "recall": 0.7286821705426356,
    "f1-score": 0.807733619763695,
    "support": 1032.0
  },
  "1": {
    "precision": 0.5121951219512195,
    "recall": 0.7903225806451613,
    "f1-score": 0.6215644820295984,
    "support": 372.0
  },
  "accuracy": 0.7450142450142451,
  "macro avg": {
    "precision": 0.7091096091683808,
    "recall": 0.7595023755938984,
    "f1-score": 0.7146490508966467,
    "support": 1404.0
  },
  "weighted avg": {
    "precision": 0.8016762484584994,
    "recall": 0.7450142450142451,
    "f1-score": 0.7584067542102163,
    "support": 1404.0
  }
}