{
  "0": {
    "precision": 0.9764065335753176,
    "recall": 0.962432915921288,
    "f1-score": 0.9693693693693693,
    "support": 559.0
  },
  "1": {
    "precision": 0.9683734939759037,
    "recall": 0.9801829268292683,
    "f1-score": 0.9742424242424242,
    "support": 656.0
  },
  "accuracy": 0.9720164609053498,
  "macro avg": {
    "precision": 0.9723900137756106,
    "recall": 0.9713079213752782,
    "f1-score": 0.9718058968058968,
    "support": 1215.0
  },
  "weighted avg": {
    "precision": 0.9720693533471566,
    "recall": 0.9720164609053498,
    "f1-score": 0.9720004179263437,
    "support": 1215.0
  }
}