{
  "0": {
    "precision": 0.8258426966292135,
    "recall": 0.8546511627906976,
    "f1-score": 0.84,
    "support": 1032.0
  },
  "1": {
    "precision": 0.5535714285714286,
    "recall": 0.5,
    "f1-score": 0.5254237288135594,
    "support": 372.0
  },
  "accuracy": 0.7606837606837606,
  "macro avg": {
    "precision": 0.689707062600321,
    "recall": 0.6773255813953488,
    "f1-score": 0.6827118644067797,
    "support": 1404.0
  },
  "weighted avg": {
    "precision": 0.7537024461181765,
    "recall": 0.7606837606837606,
    "f1-score": 0.7566507315659858,
    "support": 1404.0
  }
}