{
  "0": {
    "precision": 0.8284444444444444,
    "recall": 0.9031007751937985,
    "f1-score": 0.8641631896152063,
    "support": 1032.0
  },
  "1": {
    "precision": 0.6415770609318996,
    "recall": 0.48118279569892475,
    "f1-score": 0.5499231950844854,
    "support": 372.0
  },
  "accuracy": 0.7913105413105413,
  "macro avg": {
    "precision": 0.735010752688172,
    "recall": 0.6921417854463616,
    "f1-score": 0.7070431923498459,
    "support": 1404.0
  },
  "weighted avg": {
    "precision": 0.7789325735992402,
    "recall": 0.7913105413105413,
    "f1-score": 0.7809030201241606,
    "support": 1404.0
  }
}