{
  "0": {
    "precision": 0.9716312056737588,
    "recall": 0.9803220035778175,
    "f1-score": 0.9759572573463936,
    "support": 559.0
  },
  "1": {
    "precision": 0.9831029185867896,
    "recall": 0.975609756097561,
    "f1-score": 0.9793420045906657,
    "support": 656.0
  },
  "accuracy": 0.9777777777777777,
  "macro avg": {
    "precision": 0.9773670621302741,
    "recall": 0.9779658798376892,
    "f1-score": 0.9776496309685296,
    "support": 1215.0
  },
  "weighted avg": {
    "precision": 0.9778249864728932,
    "recall": 0.9777777777777777,
    "f1-score": 0.9777847422782805,
    "support": 1215.0
  }
}