{
  "0": {
    "precision": 0.8080438756855576,
    "recall": 0.8565891472868217,
    "f1-score": 0.8316086547507056,
    "support": 1032.0
  },
  "1": {
    "precision": 0.5225806451612903,
    "recall": 0.43548387096774194,
    "f1-score": 0.4750733137829912,
    "support": 372.0
  },
  "accuracy": 0.7450142450142451,
  "macro avg": {
    "precision": 0.665312260423424,
    "recall": 0.6460365091272818,
    "f1-score": 0.6533409842668484,
    "support": 1404.0
  },
  "weighted avg": {
    "precision": 0.7324083188799826,
    "recall": 0.7450142450142451,
    "f1-score": 0.737142025947294,
    "support": 1404.0
  }
}