{
  "0": {
    "precision": 0.9108061749571184,
    "recall": 0.9499105545617174,
    "f1-score": 0.9299474605954466,
    "support": 559.0
  },
  "1": {
    "precision": 0.9556962025316456,
    "recall": 0.9207317073170732,
    "f1-score": 0.937888198757764,
    "support": 656.0
  },
  "accuracy": 0.934156378600823,
  "macro avg": {
    "precision": 0.933251188744382,
    "recall": 0.9353211309393953,
    "f1-score": 0.9339178296766053,
    "support": 1215.0
  },
  "weighted avg": {
    "precision": 0.9350430951948877,
    "recall": 0.934156378600823,
    "f1-score": 0.9342348056444014,
    "support": 1215.0
  }
}