{
  "0": {
    "precision": 0.8342293906810035,
    "recall": 0.9021317829457365,
    "f1-score": 0.866852886405959,
    "support": 1032.0
  },
  "1": {
    "precision": 0.6493055555555556,
    "recall": 0.5026881720430108,
    "f1-score": 0.5666666666666667,
    "support": 372.0
  },
  "accuracy": 0.7962962962962963,
  "macro avg": {
    "precision": 0.7417674731182795,
    "recall": 0.7024099774943736,
    "f1-score": 0.7167597765363128,
    "support": 1404.0
  },
  "weighted avg": {
    "precision": 0.7852324771007566,
    "recall": 0.7962962962962963,
    "f1-score": 0.7873163666459757,
    "support": 1404.0
  }
}