{
  "0": {
    "precision": 0.833641404805915,
    "recall": 0.874031007751938,
    "f1-score": 0.8533585619678334,
    "support": 1032.0
  },
  "1": {
    "precision": 0.5962732919254659,
    "recall": 0.5161290322580645,
    "f1-score": 0.553314121037464,
    "support": 372.0
  },
  "accuracy": 0.7792022792022792,
  "macro avg": {
    "precision": 0.7149573483656904,
    "recall": 0.6950800200050012,
    "f1-score": 0.7033363415026488,
    "support": 1404.0
  },
  "weighted avg": {
    "precision": 0.7707489988290438,
    "recall": 0.7792022792022792,
    "f1-score": 0.7738596075332912,
    "support": 1404.0
  }
}