{
  "0": {
    "precision": 0.8260869565217391,
    "recall": 0.9021317829457365,
    "f1-score": 0.8624363131079203,
    "support": 1032.0
  },
  "1": {
    "precision": 0.6353790613718412,
    "recall": 0.4731182795698925,
    "f1-score": 0.5423728813559322,
    "support": 372.0
  },
  "accuracy": 0.7884615384615384,
  "macro avg": {
    "precision": 0.7307330089467902,
    "recall": 0.6876250312578145,
    "f1-score": 0.7024045972319263,
    "support": 1404.0
  },
  "weighted avg": {
    "precision": 0.7755575142170652,
    "recall": 0.7884615384615384,
    "f1-score": 0.7776331816180774,
    "support": 1404.0
  }
}