{
  "0": {
    "precision": 0.8931034482758621,
    "recall": 0.752906976744186,
    "f1-score": 0.8170347003154574,
    "support": 1032.0
  },
  "1": {
    "precision": 0.5224719101123596,
    "recall": 0.75,
    "f1-score": 0.6158940397350994,
    "support": 372.0
  },
  "accuracy": 0.7521367521367521,
  "macro avg": {
    "precision": 0.7077876791941109,
    "recall": 0.751453488372093,
    "f1-score": 0.7164643700252784,
    "support": 1404.0
  },
  "weighted avg": {
    "precision": 0.7949019296171563,
    "recall": 0.7521367521367521,
    "f1-score": 0.7637410210163883,
    "support": 1404.0
  }
}