{
  "0": {
    "precision": 0.8275555555555556,
    "recall": 0.9021317829457365,
    "f1-score": 0.8632359758924432,
    "support": 1032.0
  },
  "1": {
    "precision": 0.6379928315412187,
    "recall": 0.478494623655914,
    "f1-score": 0.5468509984639017,
    "support": 372.0
  },
  "accuracy": 0.7898860398860399,
  "macro avg": {
    "precision": 0.7327741935483871,
    "recall": 0.6903132033008252,
    "f1-score": 0.7050434871781724,
    "support": 1404.0
  },
  "weighted avg": {
    "precision": 0.777329534662868,
    "recall": 0.7898860398860399,
    "f1-score": 0.7794074775994106,
    "support": 1404.0
  }
}