{
  "0": {
    "precision": 0.9712746858168761,
    "recall": 0.9677996422182469,
    "f1-score": 0.9695340501792115,
    "support": 559.0
  },
  "1": {
    "precision": 0.9726443768996961,
    "recall": 0.975609756097561,
    "f1-score": 0.974124809741248,
    "support": 656.0
  },
  "accuracy": 0.9720164609053498,
  "macro avg": {
    "precision": 0.971959531358286,
    "recall": 0.9717046991579039,
    "f1-score": 0.9718294299602297,
    "support": 1215.0
  },
  "weighted avg": {
    "precision": 0.9720142062698226,
    "recall": 0.9720164609053498,
    "f1-score": 0.9720126825024179,
    "support": 1215.0
  }
}