{
  "0": {
    "precision": 0.89,
    "recall": 0.7761627906976745,
    "f1-score": 0.8291925465838509,
    "support": 1032.0
  },
  "1": {
    "precision": 0.5416666666666666,
    "recall": 0.7338709677419355,
    "f1-score": 0.6232876712328768,
    "support": 372.0
  },
  "accuracy": 0.7649572649572649,
  "macro avg": {
    "precision": 0.7158333333333333,
    "recall": 0.755016879219805,
    "f1-score": 0.7262401089083639,
    "support": 1404.0
  },
  "weighted avg": {
    "precision": 0.7977065527065528,
    "recall": 0.7649572649572649,
    "f1-score": 0.7746365539694902,
    "support": 1404.0
  }
}