{
  "0": {
    "precision": 0.8756875687568757,
    "recall": 0.7713178294573644,
    "f1-score": 0.8201957753735188,
    "support": 1032.0
  },
  "1": {
    "precision": 0.5232323232323233,
    "recall": 0.696236559139785,
    "f1-score": 0.5974625144175317,
    "support": 372.0
  },
  "accuracy": 0.7514245014245015,
  "macro avg": {
    "precision": 0.6994599459945995,
    "recall": 0.7337771942985747,
    "f1-score": 0.7088291448955253,
    "support": 1404.0
  },
  "weighted avg": {
    "precision": 0.7823019908828489,
    "recall": 0.7514245014245015,
    "f1-score": 0.7611809797356076,
    "support": 1404.0
  }
}