{
  "0": {
    "precision": 0.8176265270506108,
    "recall": 0.9079457364341085,
    "f1-score": 0.8604224058769513,
    "support": 1032.0
  },
  "1": {
    "precision": 0.6317829457364341,
    "recall": 0.4381720430107527,
    "f1-score": 0.5174603174603175,
    "support": 372.0
  },
  "accuracy": 0.7834757834757835,
  "macro avg": {
    "precision": 0.7247047363935224,
    "recall": 0.6730588897224306,
    "f1-score": 0.6889413616686344,
    "support": 1404.0
  },
  "weighted avg": {
    "precision": 0.7683859200357434,
    "recall": 0.7834757834757835,
    "f1-score": 0.7695521089460483,
    "support": 1404.0
  }
}