{
  "0": {
    "precision": 0.909310761789601,
    "recall": 0.7286821705426356,
    "f1-score": 0.8090371167294245,
    "support": 1032.0
  },
  "1": {
    "precision": 0.5147313691507799,
    "recall": 0.7983870967741935,
    "f1-score": 0.6259220231822972,
    "support": 372.0
  },
  "accuracy": 0.7471509971509972,
  "macro avg": {
    "precision": 0.7120210654701904,
    "recall": 0.7635346336584146,
    "f1-score": 0.7174795699558608,
    "support": 1404.0
  },
  "weighted avg": {
    "precision": 0.8047640851075202,
    "recall": 0.7471509971509972,
    "f1-score": 0.7605194423707838,
    "support": 1404.0
  }
}