{
  "0": {
    "precision": 0.954954954954955,
    "recall": 0.9481216457960644,
    "f1-score": 0.9515260323159784,
    "support": 559.0
  },
  "1": {
    "precision": 0.956060606060606,
    "recall": 0.961890243902439,
    "f1-score": 0.958966565349544,
    "support": 656.0
  },
  "accuracy": 0.9555555555555556,
  "macro avg": {
    "precision": 0.9555077805077805,
    "recall": 0.9550059448492517,
    "f1-score": 0.9552462988327612,
    "support": 1215.0
  },
  "weighted avg": {
    "precision": 0.9555519155519155,
    "recall": 0.9555555555555556,
    "f1-score": 0.9555433077645538,
    "support": 1215.0
  }
}