{
  "0": {
    "precision": 0.9326241134751773,
    "recall": 0.9409660107334525,
    "f1-score": 0.9367764915405165,
    "support": 559.0
  },
  "1": {
    "precision": 0.9493087557603687,
    "recall": 0.9420731707317073,
    "f1-score": 0.9456771231828616,
    "support": 656.0
  },
  "accuracy": 0.9415637860082304,
  "macro avg": {
    "precision": 0.940966434617773,
    "recall": 0.94151959073258,
    "f1-score": 0.941226807361689,
    "support": 1215.0
  },
  "weighted avg": {
    "precision": 0.9416324470875934,
    "recall": 0.9415637860082304,
    "f1-score": 0.9415821000651079,
    "support": 1215.0
  }
}