{
  "0": {
    "precision": 0.9153374233128835,
    "recall": 0.7228682170542635,
    "f1-score": 0.807796426637791,
    "support": 1032.0
  },
  "1": {
    "precision": 0.5144312393887945,
    "recall": 0.8145161290322581,
    "f1-score": 0.6305931321540063,
    "support": 372.0
  },
  "accuracy": 0.7471509971509972,
  "macro avg": {
    "precision": 0.7148843313508391,
    "recall": 0.7686921730432608,
    "f1-score": 0.7191947793958986,
    "support": 1404.0
  },
  "weighted avg": {
    "precision": 0.8091144173159025,
    "recall": 0.7471509971509972,
    "f1-score": 0.7608451263899506,
    "support": 1404.0
  }
}