{
  "0": {
    "precision": 0.8366080661840745,
    "recall": 0.7839147286821705,
    "f1-score": 0.8094047023511756,
    "support": 1032.0
  },
  "1": {
    "precision": 0.4897025171624714,
    "recall": 0.5752688172043011,
    "f1-score": 0.5290482076637825,
    "support": 372.0
  },
  "accuracy": 0.7286324786324786,
  "macro avg": {
    "precision": 0.6631552916732729,
    "recall": 0.6795917729432358,
    "f1-score": 0.669226455007479,
    "support": 1404.0
  },
  "weighted avg": {
    "precision": 0.744692920716812,
    "recall": 0.7286324786324786,
    "f1-score": 0.7351222123057979,
    "support": 1404.0
  }
}