{
  "0": {
    "precision": 0.988929889298893,
    "recall": 0.9588550983899821,
    "f1-score": 0.9736603088101726,
    "support": 559.0
  },
  "1": {
    "precision": 0.9658246656760773,
    "recall": 0.9908536585365854,
    "f1-score": 0.9781790820165538,
    "support": 656.0
  },
  "accuracy": 0.9761316872427983,
  "macro avg": {
    "precision": 0.9773772774874852,
    "recall": 0.9748543784632837,
    "f1-score": 0.9759196954133632,
    "support": 1215.0
  },
  "weighted avg": {
    "precision": 0.9764549702070682,
    "recall": 0.9761316872427983,
    "f1-score": 0.9761000744261281,
    "support": 1215.0
  }
}