{
  "0": {
    "precision": 0.9035714285714286,
    "recall": 0.7354651162790697,
    "f1-score": 0.8108974358974359,
    "support": 1032.0
  },
  "1": {
    "precision": 0.5159574468085106,
    "recall": 0.782258064516129,
    "f1-score": 0.6217948717948718,
    "support": 372.0
  },
  "accuracy": 0.7478632478632479,
  "macro avg": {
    "precision": 0.7097644376899697,
    "recall": 0.7588615903975994,
    "f1-score": 0.7163461538461539,
    "support": 1404.0
  },
  "weighted avg": {
    "precision": 0.8008702881043307,
    "recall": 0.7478632478632479,
    "f1-score": 0.7607933377164147,
    "support": 1404.0
  }
}