{
  "0": {
    "precision": 0.8287037037037037,
    "recall": 0.8672480620155039,
    "f1-score": 0.8475378787878788,
    "support": 1032.0
  },
  "1": {
    "precision": 0.5771604938271605,
    "recall": 0.5026881720430108,
    "f1-score": 0.5373563218390804,
    "support": 372.0
  },
  "accuracy": 0.7706552706552706,
  "macro avg": {
    "precision": 0.7029320987654322,
    "recall": 0.6849681170292573,
    "f1-score": 0.6924471003134796,
    "support": 1404.0
  },
  "weighted avg": {
    "precision": 0.7620555027962437,
    "recall": 0.7706552706552706,
    "f1-score": 0.7653530218185391,
    "support": 1404.0
  }
}