{
  "0": {
    "precision": 0.889018691588785,
    "recall": 0.7374031007751938,
    "f1-score": 0.8061440677966102,
    "support": 1032.0
  },
  "1": {
    "precision": 0.5054744525547445,
    "recall": 0.7446236559139785,
    "f1-score": 0.6021739130434782,
    "support": 372.0
  },
  "accuracy": 0.7393162393162394,
  "macro avg": {
    "precision": 0.6972465720717648,
    "recall": 0.7410133783445861,
    "f1-score": 0.7041589904200443,
    "support": 1404.0
  },
  "weighted avg": {
    "precision": 0.7873958590242102,
    "recall": 0.7393162393162394,
    "f1-score": 0.7521006934603103,
    "support": 1404.0
  }
}